Grouping,Key Tests,PLQ Test Id,Category,Control_Mode,Init_Strategy,Init_Fault_MVA,Init_Fault_X_on_R,Init_Vref_pu,Init_Vpoc_pu,Init_Qpoc_pu,Init_Pwind_MW,Init_Pbess_MW,DistLevel,DistDuration,PostDistDuration,Base_Title,File_Name,Title,DIR,Vslack_pu,Commands>,Table_Data,Grid_MVA_v,Grid_X2R_v,Init_Vpoc_pu_v,Init_Qpoc_pu_v,En_SMIB_init_v,Vref_pu_v,Vslack_pu_v,Pref_Wind_MW_v,Pref_BESS_MW_v,Infinite_Grid_v,Post_Init_Duration_s,Vpoc_disturbance_pu_t,Vpoc_disturbance_pu_v,Vpoc_disturbance_pu_r
,,1,PLQ S5.2.5.4,Droop,PPOC_VPOC_VREF,-1,-1,1.0147,1.0,1,1226,0,0.9,20.0,0,plq_id01_cuo_pwind400_pbess0_qmax_vpoc1.0_to_0.9,S5254_VProfile_002,S5254_VProfile_002 :plq_id01_cuo_pwind400_pbess0_qmax_vpoc1.0_to_0.9,CSR_S5254,1.0,,"[[""Filename/Int. Ref."",""S5254_VProfile_002""],[""Fault Level [MVA]"",""-1""],[""X2R"",""-1""],[""Vpoc [.pu]"",""1.0000""],[""Qpoc [.pu]"",""1""],[""Pwind [MW]"",""1226""],[""Pbess [MW]"",""0""],[""t=0"",""steady-state""],[""Dist. Level"",""0.9""],[""Dist. Dur."",""20.0""]]",-1,-1,1.0,1,1,1.0147,1.0,1226,0,1,21.0,"[1, 21.0, 21.0]","[-0.09999999999999998, 0, 0]","[""false"", ""false"", ""false""]"
,,1,PLQ S5.2.5.4,Droop,PPOC_VPOC_VREF,-1,-1,1.0147,1.0,1,876,350,0.9,20.0,0,plq_id01_cuo_pwind296_pbess104_qmax_vpoc1.0_to_0.9,S5254_VProfile_003,S5254_VProfile_003 :plq_id01_cuo_pwind296_pbess104_qmax_vpoc1.0_to_0.9,CSR_S5254,1.0,,"[[""Filename/Int. Ref."",""S5254_VProfile_003""],[""Fault Level [MVA]"",""-1""],[""X2R"",""-1""],[""Vpoc [.pu]"",""1.0000""],[""Qpoc [.pu]"",""1""],[""Pwind [MW]"",""876""],[""Pbess [MW]"",""350""],[""t=0"",""steady-state""],[""Dist. Level"",""0.9""],[""Dist. Dur."",""20.0""]]",-1,-1,1.0,1,1,1.0147,1.0,876,350,1,21.0,"[1, 21.0, 21.0]","[-0.09999999999999998, 0, 0]","[""false"", ""false"", ""false""]"
,,1,PLQ S5.2.5.4,Droop,PPOC_VPOC_VREF,-1,-1,1.0147,1.0,1,1226,0,1.1,20.0,0,plq_id01_cuo_pwind400_pbess0_qmax_vpoc1.0_to_1.1,S5254_VProfile_004,S5254_VProfile_004 :plq_id01_cuo_pwind400_pbess0_qmax_vpoc1.0_to_1.1,CSR_S5254,1.0,,"[[""Filename/Int. Ref."",""S5254_VProfile_004""],[""Fault Level [MVA]"",""-1""],[""X2R"",""-1""],[""Vpoc [.pu]"",""1.0000""],[""Qpoc [.pu]"",""1""],[""Pwind [MW]"",""1226""],[""Pbess [MW]"",""0""],[""t=0"",""steady-state""],[""Dist. Level"",""1.1""],[""Dist. Dur."",""20.0""]]",-1,-1,1.0,1,1,1.0147,1.0,1226,0,1,21.0,"[1, 21.0, 21.0]","[0.10000000000000009, 0, 0]","[""false"", ""false"", ""false""]"
,,1,PLQ S5.2.5.4,Droop,PPOC_VPOC_VREF,-1,-1,1.0147,1.0,1,876,350,1.1,20.0,0,plq_id01_cuo_pwind296_pbess104_qmax_vpoc1.0_to_1.1,S5254_VProfile_005,S5254_VProfile_005 :plq_id01_cuo_pwind296_pbess104_qmax_vpoc1.0_to_1.1,CSR_S5254,1.0,,"[[""Filename/Int. Ref."",""S5254_VProfile_005""],[""Fault Level [MVA]"",""-1""],[""X2R"",""-1""],[""Vpoc [.pu]"",""1.0000""],[""Qpoc [.pu]"",""1""],[""Pwind [MW]"",""876""],[""Pbess [MW]"",""350""],[""t=0"",""steady-state""],[""Dist. Level"",""1.1""],[""Dist. Dur."",""20.0""]]",-1,-1,1.0,1,1,1.0147,1.0,876,350,1,21.0,"[1, 21.0, 21.0]","[0.10000000000000009, 0, 0]","[""false"", ""false"", ""false""]"
,,2,PLQ S5.2.5.4,Droop,PPOC_VPOC_VREF,-1,-1,0.9853,1.0,-1,1226,0,0.9,20.0,0,plq_id02_cuo_pwind400_pbess0_qmin_vpoc1.0_to_0.9,S5254_VProfile_006,S5254_VProfile_006 :plq_id02_cuo_pwind400_pbess0_qmin_vpoc1.0_to_0.9,CSR_S5254,1.0,,"[[""Filename/Int. Ref."",""S5254_VProfile_006""],[""Fault Level [MVA]"",""-1""],[""X2R"",""-1""],[""Vpoc [.pu]"",""1.0000""],[""Qpoc [.pu]"",""-1""],[""Pwind [MW]"",""1226""],[""Pbess [MW]"",""0""],[""t=0"",""steady-state""],[""Dist. Level"",""0.9""],[""Dist. Dur."",""20.0""]]",-1,-1,1.0,-1,1,0.9853,1.0,1226,0,1,21.0,"[1, 21.0, 21.0]","[-0.09999999999999998, 0, 0]","[""false"", ""false"", ""false""]"
,,2,PLQ S5.2.5.4,Droop,PPOC_VPOC_VREF,-1,-1,0.9853,1.0,-1,876,350,0.9,20.0,0,plq_id02_cuo_pwind296_pbess104_qmin_vpoc1.0_to_0.9,S5254_VProfile_007,S5254_VProfile_007 :plq_id02_cuo_pwind296_pbess104_qmin_vpoc1.0_to_0.9,CSR_S5254,1.0,,"[[""Filename/Int. Ref."",""S5254_VProfile_007""],[""Fault Level [MVA]"",""-1""],[""X2R"",""-1""],[""Vpoc [.pu]"",""1.0000""],[""Qpoc [.pu]"",""-1""],[""Pwind [MW]"",""876""],[""Pbess [MW]"",""350""],[""t=0"",""steady-state""],[""Dist. Level"",""0.9""],[""Dist. Dur."",""20.0""]]",-1,-1,1.0,-1,1,0.9853,1.0,876,350,1,21.0,"[1, 21.0, 21.0]","[-0.09999999999999998, 0, 0]","[""false"", ""false"", ""false""]"
,,2,PLQ S5.2.5.4,Droop,PPOC_VPOC_VREF,-1,-1,0.9853,1.0,-1,1226,0,1.1,20.0,0,plq_id02_cuo_pwind400_pbess0_qmin_vpoc1.0_to_1.1,S5254_VProfile_008,S5254_VProfile_008 :plq_id02_cuo_pwind400_pbess0_qmin_vpoc1.0_to_1.1,CSR_S5254,1.0,,"[[""Filename/Int. Ref."",""S5254_VProfile_008""],[""Fault Level [MVA]"",""-1""],[""X2R"",""-1""],[""Vpoc [.pu]"",""1.0000""],[""Qpoc [.pu]"",""-1""],[""Pwind [MW]"",""1226""],[""Pbess [MW]"",""0""],[""t=0"",""steady-state""],[""Dist. Level"",""1.1""],[""Dist. Dur."",""20.0""]]",-1,-1,1.0,-1,1,0.9853,1.0,1226,0,1,21.0,"[1, 21.0, 21.0]","[0.10000000000000009, 0, 0]","[""false"", ""false"", ""false""]"
,,2,PLQ S5.2.5.4,Droop,PPOC_VPOC_VREF,-1,-1,0.9853,1.0,-1,876,350,1.1,20.0,0,plq_id02_cuo_pwind296_pbess104_qmin_vpoc1.0_to_1.1,S5254_VProfile_009,S5254_VProfile_009 :plq_id02_cuo_pwind296_pbess104_qmin_vpoc1.0_to_1.1,CSR_S5254,1.0,,"[[""Filename/Int. Ref."",""S5254_VProfile_009""],[""Fault Level [MVA]"",""-1""],[""X2R"",""-1""],[""Vpoc [.pu]"",""1.0000""],[""Qpoc [.pu]"",""-1""],[""Pwind [MW]"",""876""],[""Pbess [MW]"",""350""],[""t=0"",""steady-state""],[""Dist. Level"",""1.1""],[""Dist. Dur."",""20.0""]]",-1,-1,1.0,-1,1,0.9853,1.0,876,350,1,21.0,"[1, 21.0, 21.0]","[0.10000000000000009, 0, 0]","[""false"", ""false"", ""false""]"
,,3,PLQ S5.2.5.4,Droop,PPOC_VPOC_VREF,-1,-1,1.0147,1.0,1,0,-350,0.9,20.0,0,plq_id03_cuo_pwind0_pbess-104_qmax_vpoc1.0_to_0.9,S5254_VProfile_010,S5254_VProfile_010 :plq_id03_cuo_pwind0_pbess-104_qmax_vpoc1.0_to_0.9,CSR_S5254,1.0,,"[[""Filename/Int. Ref."",""S5254_VProfile_010""],[""Fault Level [MVA]"",""-1""],[""X2R"",""-1""],[""Vpoc [.pu]"",""1.0000""],[""Qpoc [.pu]"",""1""],[""Pwind [MW]"",""0""],[""Pbess [MW]"",""-350""],[""t=0"",""steady-state""],[""Dist. Level"",""0.9""],[""Dist. Dur."",""20.0""]]",-1,-1,1.0,1,1,1.0147,1.0,0,-350,1,21.0,"[1, 21.0, 21.0]","[-0.09999999999999998, 0, 0]","[""false"", ""false"", ""false""]"
,,3,PLQ S5.2.5.4,Droop,PPOC_VPOC_VREF,-1,-1,1.0147,1.0,1,0,-350,1.1,20.0,0,plq_id03_cuo_pwind0_pbess-104_qmax_vpoc1.0_to_1.1,S5254_VProfile_011,S5254_VProfile_011 :plq_id03_cuo_pwind0_pbess-104_qmax_vpoc1.0_to_1.1,CSR_S5254,1.0,,"[[""Filename/Int. Ref."",""S5254_VProfile_011""],[""Fault Level [MVA]"",""-1""],[""X2R"",""-1""],[""Vpoc [.pu]"",""1.0000""],[""Qpoc [.pu]"",""1""],[""Pwind [MW]"",""0""],[""Pbess [MW]"",""-350""],[""t=0"",""steady-state""],[""Dist. Level"",""1.1""],[""Dist. Dur."",""20.0""]]",-1,-1,1.0,1,1,1.0147,1.0,0,-350,1,21.0,"[1, 21.0, 21.0]","[0.10000000000000009, 0, 0]","[""false"", ""false"", ""false""]"
,,4,PLQ S5.2.5.4,Droop,PPOC_VPOC_VREF,-1,-1,0.9853,1.0,-1,0,0,0.9,20.0,0,plq_id04_cuo_pwind0_pbess0_qmin_vpoc1.0_to_0.9,S5254_VProfile_012,S5254_VProfile_012 :plq_id04_cuo_pwind0_pbess0_qmin_vpoc1.0_to_0.9,CSR_S5254,1.0,,"[[""Filename/Int. Ref."",""S5254_VProfile_012""],[""Fault Level [MVA]"",""-1""],[""X2R"",""-1""],[""Vpoc [.pu]"",""1.0000""],[""Qpoc [.pu]"",""-1""],[""Pwind [MW]"",""0""],[""Pbess [MW]"",""0""],[""t=0"",""steady-state""],[""Dist. Level"",""0.9""],[""Dist. Dur."",""20.0""]]",-1,-1,1.0,-1,1,0.9853,1.0,0,0,1,21.0,"[1, 21.0, 21.0]","[-0.09999999999999998, 0, 0]","[""false"", ""false"", ""false""]"
,,4,PLQ S5.2.5.4,Droop,PPOC_VPOC_VREF,-1,-1,0.9853,1.0,-1,0,0,0.9,20.0,0,plq_id04_cuo_pwind0_pbessm0_qmin_vpoc1.0_to_0.9,S5254_VProfile_013,S5254_VProfile_013 :plq_id04_cuo_pwind0_pbessm0_qmin_vpoc1.0_to_0.9,CSR_S5254,1.0,,"[[""Filename/Int. Ref."",""S5254_VProfile_013""],[""Fault Level [MVA]"",""-1""],[""X2R"",""-1""],[""Vpoc [.pu]"",""1.0000""],[""Qpoc [.pu]"",""-1""],[""Pwind [MW]"",""0""],[""Pbess [MW]"",""0""],[""t=0"",""steady-state""],[""Dist. Level"",""0.9""],[""Dist. Dur."",""20.0""]]",-1,-1,1.0,-1,1,0.9853,1.0,0,0,1,21.0,"[1, 21.0, 21.0]","[-0.09999999999999998, 0, 0]","[""false"", ""false"", ""false""]"
,,4,PLQ S5.2.5.4,Droop,PPOC_VPOC_VREF,-1,-1,0.9853,1.0,-1,0,0,1.1,20.0,0,plq_id04_cuo_pwind0_pbess0_qmin_vpoc1.0_to_1.1,S5254_VProfile_014,S5254_VProfile_014 :plq_id04_cuo_pwind0_pbess0_qmin_vpoc1.0_to_1.1,CSR_S5254,1.0,,"[[""Filename/Int. Ref."",""S5254_VProfile_014""],[""Fault Level [MVA]"",""-1""],[""X2R"",""-1""],[""Vpoc [.pu]"",""1.0000""],[""Qpoc [.pu]"",""-1""],[""Pwind [MW]"",""0""],[""Pbess [MW]"",""0""],[""t=0"",""steady-state""],[""Dist. Level"",""1.1""],[""Dist. Dur."",""20.0""]]",-1,-1,1.0,-1,1,0.9853,1.0,0,0,1,21.0,"[1, 21.0, 21.0]","[0.10000000000000009, 0, 0]","[""false"", ""false"", ""false""]"
,,4,PLQ S5.2.5.4,Droop,PPOC_VPOC_VREF,-1,-1,0.9853,1.0,-1,0,0,1.1,20.0,0,plq_id04_cuo_pwind0_pbessm0_qmin_vpoc1.0_to_1.1,S5254_VProfile_015,S5254_VProfile_015 :plq_id04_cuo_pwind0_pbessm0_qmin_vpoc1.0_to_1.1,CSR_S5254,1.0,,"[[""Filename/Int. Ref."",""S5254_VProfile_015""],[""Fault Level [MVA]"",""-1""],[""X2R"",""-1""],[""Vpoc [.pu]"",""1.0000""],[""Qpoc [.pu]"",""-1""],[""Pwind [MW]"",""0""],[""Pbess [MW]"",""0""],[""t=0"",""steady-state""],[""Dist. Level"",""1.1""],[""Dist. Dur."",""20.0""]]",-1,-1,1.0,-1,1,0.9853,1.0,0,0,1,21.0,"[1, 21.0, 21.0]","[0.10000000000000009, 0, 0]","[""false"", ""false"", ""false""]"
,,5,PLQ S5.2.5.4,Droop,PPOC_VPOC_VREF,-1,-1,1.0397,1.025,1,1226,0,0.925,20.0,0,plq_id05_cuo_pwind400_pbess0_qmax_vpocVqmax_to_Vqmax_sub0.1,S5254_VProfile_016,S5254_VProfile_016 :plq_id05_cuo_pwind400_pbess0_qmax_vpocVqmax_to_Vqmax_sub0.1,CSR_S5254,1.025,,"[[""Filename/Int. Ref."",""S5254_VProfile_016""],[""Fault Level [MVA]"",""-1""],[""X2R"",""-1""],[""Vpoc [.pu]"",""1.0250""],[""Qpoc [.pu]"",""1""],[""Pwind [MW]"",""1226""],[""Pbess [MW]"",""0""],[""t=0"",""steady-state""],[""Dist. Level"",""0.925""],[""Dist. Dur."",""20.0""]]",-1,-1,1.025,1,1,1.0397,1.025,1226,0,1,21.0,"[1, 21.0, 21.0]","[-0.09999999999999987, 0, 0]","[""false"", ""false"", ""false""]"
,,5,PLQ S5.2.5.4,Droop,PPOC_VPOC_VREF,-1,-1,1.0397,1.025,1,876,350,0.925,20.0,0,plq_id05_cuo_pwind296_pbess104_qmax_vpocVqmax_to_Vqmax_sub0.1,S5254_VProfile_017,S5254_VProfile_017 :plq_id05_cuo_pwind296_pbess104_qmax_vpocVqmax_to_Vqmax_sub0.1,CSR_S5254,1.025,,"[[""Filename/Int. Ref."",""S5254_VProfile_017""],[""Fault Level [MVA]"",""-1""],[""X2R"",""-1""],[""Vpoc [.pu]"",""1.0250""],[""Qpoc [.pu]"",""1""],[""Pwind [MW]"",""876""],[""Pbess [MW]"",""350""],[""t=0"",""steady-state""],[""Dist. Level"",""0.925""],[""Dist. Dur."",""20.0""]]",-1,-1,1.025,1,1,1.0397,1.025,876,350,1,21.0,"[1, 21.0, 21.0]","[-0.09999999999999987, 0, 0]","[""false"", ""false"", ""false""]"
,,6,PLQ S5.2.5.4,Droop,PPOC_VPOC_VREF,-1,-1,1.0353,1.05,-1,1226,0,0.95,20.0,0,plq_id06_cuo_pwind400_pbess0_qmin_vpocVqmin_to_Vqmin_sub0.1,S5254_VProfile_018,S5254_VProfile_018 :plq_id06_cuo_pwind400_pbess0_qmin_vpocVqmin_to_Vqmin_sub0.1,CSR_S5254,1.05,,"[[""Filename/Int. Ref."",""S5254_VProfile_018""],[""Fault Level [MVA]"",""-1""],[""X2R"",""-1""],[""Vpoc [.pu]"",""1.0500""],[""Qpoc [.pu]"",""-1""],[""Pwind [MW]"",""1226""],[""Pbess [MW]"",""0""],[""t=0"",""steady-state""],[""Dist. Level"",""0.95""],[""Dist. Dur."",""20.0""]]",-1,-1,1.05,-1,1,1.0353,1.05,1226,0,1,21.0,"[1, 21.0, 21.0]","[-0.10000000000000009, 0, 0]","[""false"", ""false"", ""false""]"
,,6,PLQ S5.2.5.4,Droop,PPOC_VPOC_VREF,-1,-1,1.0353,1.05,-1,876,350,0.95,20.0,0,plq_id06_cuo_pwind296_pbess104_qmin_vpocVqmin_to_Vqmin_sub0.1,S5254_VProfile_019,S5254_VProfile_019 :plq_id06_cuo_pwind296_pbess104_qmin_vpocVqmin_to_Vqmin_sub0.1,CSR_S5254,1.05,,"[[""Filename/Int. Ref."",""S5254_VProfile_019""],[""Fault Level [MVA]"",""-1""],[""X2R"",""-1""],[""Vpoc [.pu]"",""1.0500""],[""Qpoc [.pu]"",""-1""],[""Pwind [MW]"",""876""],[""Pbess [MW]"",""350""],[""t=0"",""steady-state""],[""Dist. Level"",""0.95""],[""Dist. Dur."",""20.0""]]",-1,-1,1.05,-1,1,1.0353,1.05,876,350,1,21.0,"[1, 21.0, 21.0]","[-0.10000000000000009, 0, 0]","[""false"", ""false"", ""false""]"
,,7,PLQ S5.2.5.4,Droop,PPOC_VPOC_VREF,-1,-1,1.0397,1.025,1,1226,0,1.1,20.0,0,plq_id07_cuo_pwind400_pbess0_qmax_vpocVqmax_to_1.1,S5254_VProfile_020,S5254_VProfile_020 :plq_id07_cuo_pwind400_pbess0_qmax_vpocVqmax_to_1.1,CSR_S5254,1.025,,"[[""Filename/Int. Ref."",""S5254_VProfile_020""],[""Fault Level [MVA]"",""-1""],[""X2R"",""-1""],[""Vpoc [.pu]"",""1.0250""],[""Qpoc [.pu]"",""1""],[""Pwind [MW]"",""1226""],[""Pbess [MW]"",""0""],[""t=0"",""steady-state""],[""Dist. Level"",""1.1""],[""Dist. Dur."",""20.0""]]",-1,-1,1.025,1,1,1.0397,1.025,1226,0,1,21.0,"[1, 21.0, 21.0]","[0.07500000000000018, 0, 0]","[""false"", ""false"", ""false""]"
,,7,PLQ S5.2.5.4,Droop,PPOC_VPOC_VREF,-1,-1,1.0397,1.025,1,876,350,1.1,20.0,0,plq_id07_cuo_pwind296_pbess104_qmax_vpocVqmax_to_1.1,S5254_VProfile_021,S5254_VProfile_021 :plq_id07_cuo_pwind296_pbess104_qmax_vpocVqmax_to_1.1,CSR_S5254,1.025,,"[[""Filename/Int. Ref."",""S5254_VProfile_021""],[""Fault Level [MVA]"",""-1""],[""X2R"",""-1""],[""Vpoc [.pu]"",""1.0250""],[""Qpoc [.pu]"",""1""],[""Pwind [MW]"",""876""],[""Pbess [MW]"",""350""],[""t=0"",""steady-state""],[""Dist. Level"",""1.1""],[""Dist. Dur."",""20.0""]]",-1,-1,1.025,1,1,1.0397,1.025,876,350,1,21.0,"[1, 21.0, 21.0]","[0.07500000000000018, 0, 0]","[""false"", ""false"", ""false""]"
,,8,PLQ S5.2.5.4,Droop,PPOC_VPOC_VREF,-1,-1,1.0353,1.05,-1,1226,0,1.1,20.0,0,plq_id08_cuo_pwind400_pbess0_qmin_vpocVqmin_to_1.1,S5254_VProfile_022,S5254_VProfile_022 :plq_id08_cuo_pwind400_pbess0_qmin_vpocVqmin_to_1.1,CSR_S5254,1.05,,"[[""Filename/Int. Ref."",""S5254_VProfile_022""],[""Fault Level [MVA]"",""-1""],[""X2R"",""-1""],[""Vpoc [.pu]"",""1.0500""],[""Qpoc [.pu]"",""-1""],[""Pwind [MW]"",""1226""],[""Pbess [MW]"",""0""],[""t=0"",""steady-state""],[""Dist. Level"",""1.1""],[""Dist. Dur."",""20.0""]]",-1,-1,1.05,-1,1,1.0353,1.05,1226,0,1,21.0,"[1, 21.0, 21.0]","[0.050000000000000044, 0, 0]","[""false"", ""false"", ""false""]"
,,8,PLQ S5.2.5.4,Droop,PPOC_VPOC_VREF,-1,-1,1.0353,1.05,-1,876,350,1.1,20.0,0,plq_id08_cuo_pwind296_pbess104_qmin_vpocVqmin_to_1.1,S5254_VProfile_023,S5254_VProfile_023 :plq_id08_cuo_pwind296_pbess104_qmin_vpocVqmin_to_1.1,CSR_S5254,1.05,,"[[""Filename/Int. Ref."",""S5254_VProfile_023""],[""Fault Level [MVA]"",""-1""],[""X2R"",""-1""],[""Vpoc [.pu]"",""1.0500""],[""Qpoc [.pu]"",""-1""],[""Pwind [MW]"",""876""],[""Pbess [MW]"",""350""],[""t=0"",""steady-state""],[""Dist. Level"",""1.1""],[""Dist. Dur."",""20.0""]]",-1,-1,1.05,-1,1,1.0353,1.05,876,350,1,21.0,"[1, 21.0, 21.0]","[0.050000000000000044, 0, 0]","[""false"", ""false"", ""false""]"
,,9,PLQ S5.2.5.4,Droop,PPOC_VPOC_VREF,-1,-1,1.0397,1.025,1,1226,0,0.9,20.0,0,plq_id09_cuo_pwind400_pbess0_qmax_vpocVqmax_to_0.9,S5254_VProfile_024,S5254_VProfile_024 :plq_id09_cuo_pwind400_pbess0_qmax_vpocVqmax_to_0.9,CSR_S5254,1.025,,"[[""Filename/Int. Ref."",""S5254_VProfile_024""],[""Fault Level [MVA]"",""-1""],[""X2R"",""-1""],[""Vpoc [.pu]"",""1.0250""],[""Qpoc [.pu]"",""1""],[""Pwind [MW]"",""1226""],[""Pbess [MW]"",""0""],[""t=0"",""steady-state""],[""Dist. Level"",""0.9""],[""Dist. Dur."",""20.0""]]",-1,-1,1.025,1,1,1.0397,1.025,1226,0,1,21.0,"[1, 21.0, 21.0]","[-0.12499999999999989, 0, 0]","[""false"", ""false"", ""false""]"
,,9,PLQ S5.2.5.4,Droop,PPOC_VPOC_VREF,-1,-1,1.0397,1.025,1,876,350,0.9,20.0,0,plq_id09_cuo_pwind296_pbess104_qmax_vpocVqmax_to_0.9,S5254_VProfile_025,S5254_VProfile_025 :plq_id09_cuo_pwind296_pbess104_qmax_vpocVqmax_to_0.9,CSR_S5254,1.025,,"[[""Filename/Int. Ref."",""S5254_VProfile_025""],[""Fault Level [MVA]"",""-1""],[""X2R"",""-1""],[""Vpoc [.pu]"",""1.0250""],[""Qpoc [.pu]"",""1""],[""Pwind [MW]"",""876""],[""Pbess [MW]"",""350""],[""t=0"",""steady-state""],[""Dist. Level"",""0.9""],[""Dist. Dur."",""20.0""]]",-1,-1,1.025,1,1,1.0397,1.025,876,350,1,21.0,"[1, 21.0, 21.0]","[-0.12499999999999989, 0, 0]","[""false"", ""false"", ""false""]"
,,10,PLQ S5.2.5.4,Droop,PPOC_VPOC_VREF,-1,-1,1.0353,1.05,-1,1226,0,0.9,20.0,0,plq_id10_cuo_pwind400_pbess0_qmin_vpocVqmin_to_0.9,S5254_VProfile_026,S5254_VProfile_026 :plq_id10_cuo_pwind400_pbess0_qmin_vpocVqmin_to_0.9,CSR_S5254,1.05,,"[[""Filename/Int. Ref."",""S5254_VProfile_026""],[""Fault Level [MVA]"",""-1""],[""X2R"",""-1""],[""Vpoc [.pu]"",""1.0500""],[""Qpoc [.pu]"",""-1""],[""Pwind [MW]"",""1226""],[""Pbess [MW]"",""0""],[""t=0"",""steady-state""],[""Dist. Level"",""0.9""],[""Dist. Dur."",""20.0""]]",-1,-1,1.05,-1,1,1.0353,1.05,1226,0,1,21.0,"[1, 21.0, 21.0]","[-0.15000000000000002, 0, 0]","[""false"", ""false"", ""false""]"
,,10,PLQ S5.2.5.4,Droop,PPOC_VPOC_VREF,-1,-1,1.0353,1.05,-1,876,350,0.9,20.0,0,plq_id10_cuo_pwind296_pbess104_qmin_vpocVqmin_to_0.9,S5254_VProfile_027,S5254_VProfile_027 :plq_id10_cuo_pwind296_pbess104_qmin_vpocVqmin_to_0.9,CSR_S5254,1.05,,"[[""Filename/Int. Ref."",""S5254_VProfile_027""],[""Fault Level [MVA]"",""-1""],[""X2R"",""-1""],[""Vpoc [.pu]"",""1.0500""],[""Qpoc [.pu]"",""-1""],[""Pwind [MW]"",""876""],[""Pbess [MW]"",""350""],[""t=0"",""steady-state""],[""Dist. Level"",""0.9""],[""Dist. Dur."",""20.0""]]",-1,-1,1.05,-1,1,1.0353,1.05,876,350,1,21.0,"[1, 21.0, 21.0]","[-0.15000000000000002, 0, 0]","[""false"", ""false"", ""false""]"
,,11,PLQ S5.2.5.4,Droop,PPOC_VPOC_VREF,-1,-1,1.0397,1.025,1,0,-350,0.9,20.0,0,plq_id11_cuo_pwind0_pbess-104_qmax_vpocVqmax_to_0.9,S5254_VProfile_028,S5254_VProfile_028 :plq_id11_cuo_pwind0_pbess-104_qmax_vpocVqmax_to_0.9,CSR_S5254,1.025,,"[[""Filename/Int. Ref."",""S5254_VProfile_028""],[""Fault Level [MVA]"",""-1""],[""X2R"",""-1""],[""Vpoc [.pu]"",""1.0250""],[""Qpoc [.pu]"",""1""],[""Pwind [MW]"",""0""],[""Pbess [MW]"",""-350""],[""t=0"",""steady-state""],[""Dist. Level"",""0.9""],[""Dist. Dur."",""20.0""]]",-1,-1,1.025,1,1,1.0397,1.025,0,-350,1,21.0,"[1, 21.0, 21.0]","[-0.12499999999999989, 0, 0]","[""false"", ""false"", ""false""]"
,,12,PLQ S5.2.5.4,Droop,PPOC_VPOC_VREF,-1,-1,1.0353,1.05,-1,0,0,0.9,40.0,0,plq_id12_cuo_pwind0_pbess0_qmin_vpocVqmin_to_0.9,S5254_VProfile_029,S5254_VProfile_029 :plq_id12_cuo_pwind0_pbess0_qmin_vpocVqmin_to_0.9,CSR_S5254,1.05,,"[[""Filename/Int. Ref."",""S5254_VProfile_029""],[""Fault Level [MVA]"",""-1""],[""X2R"",""-1""],[""Vpoc [.pu]"",""1.0500""],[""Qpoc [.pu]"",""-1""],[""Pwind [MW]"",""0""],[""Pbess [MW]"",""0""],[""t=0"",""steady-state""],[""Dist. Level"",""0.9""],[""Dist. Dur."",""40.0""]]",-1,-1,1.05,-1,1,1.0353,1.05,0,0,1,41.0,"[1, 41.0, 41.0]","[-0.15000000000000002, 0, 0]","[""false"", ""false"", ""false""]"
,,12,PLQ S5.2.5.4,Droop,PPOC_VPOC_VREF,-1,-1,1.0353,1.05,-1,0,0,0.9,40.0,0,plq_id12_cuo_pwind0_pbessm0_qmin_vpocVqmin_to_0.9,S5254_VProfile_030,S5254_VProfile_030 :plq_id12_cuo_pwind0_pbessm0_qmin_vpocVqmin_to_0.9,CSR_S5254,1.05,,"[[""Filename/Int. Ref."",""S5254_VProfile_030""],[""Fault Level [MVA]"",""-1""],[""X2R"",""-1""],[""Vpoc [.pu]"",""1.0500""],[""Qpoc [.pu]"",""-1""],[""Pwind [MW]"",""0""],[""Pbess [MW]"",""0""],[""t=0"",""steady-state""],[""Dist. Level"",""0.9""],[""Dist. Dur."",""40.0""]]",-1,-1,1.05,-1,1,1.0353,1.05,0,0,1,41.0,"[1, 41.0, 41.0]","[-0.15000000000000002, 0, 0]","[""false"", ""false"", ""false""]"
,,13,PLQ S5.2.5.4,Droop,PPOC_VPOC_VREF,-1,-1,1.0397,1.025,1,1226,0,1.35,0.02,5,plq_id13_cuo__vref106.5_vpoc102.5_Pwind400_Pbess0_Q1pu__Dist135_20ms_post5,S5254_VProfile_031,S5254_VProfile_031 :plq_id13_cuo__vref106.5_vpoc102.5_Pwind400_Pbess0_Q1pu__Dist135_20ms_post5,CSR_S5254,1.025,,"[[""Filename/Int. Ref."",""S5254_VProfile_031""],[""Fault Level [MVA]"",""-1""],[""X2R"",""-1""],[""Vpoc [.pu]"",""1.0250""],[""Qpoc [.pu]"",""1""],[""Pwind [MW]"",""1226""],[""Pbess [MW]"",""0""],[""t=0"",""steady-state""],[""Dist. Level"",""1.35""],[""Dist. Dur."",""0.02""]]",-1,-1,1.025,1,1,1.0397,1.025,1226,0,1,6.02,"[1, 1.02, 6.02]","[0.3250000000000002, 0, 0]","[""false"", ""false"", ""false""]"
,,13,PLQ S5.2.5.4,Droop,PPOC_VPOC_VREF,-1,-1,1.0397,1.025,1,1226,0,1.3,0.2,5,plq_id13_cuo__vref106.5_vpoc102.5_Pwind400_Pbess0_Q1pu__Dist130_200ms_post5,S5254_VProfile_032,S5254_VProfile_032 :plq_id13_cuo__vref106.5_vpoc102.5_Pwind400_Pbess0_Q1pu__Dist130_200ms_post5,CSR_S5254,1.025,,"[[""Filename/Int. Ref."",""S5254_VProfile_032""],[""Fault Level [MVA]"",""-1""],[""X2R"",""-1""],[""Vpoc [.pu]"",""1.0250""],[""Qpoc [.pu]"",""1""],[""Pwind [MW]"",""1226""],[""Pbess [MW]"",""0""],[""t=0"",""steady-state""],[""Dist. Level"",""1.3""],[""Dist. Dur."",""0.2""]]",-1,-1,1.025,1,1,1.0397,1.025,1226,0,1,6.2,"[1, 1.2, 6.2]","[0.27500000000000013, 0, 0]","[""false"", ""false"", ""false""]"
,,13,PLQ S5.2.5.4,Droop,PPOC_VPOC_VREF,-1,-1,1.0397,1.025,1,1226,0,1.25,2.0,5,plq_id13_cuo__vref106.5_vpoc102.5_Pwind400_Pbess0_Q1pu__Dist125_2000ms_post5,S5254_VProfile_033,S5254_VProfile_033 :plq_id13_cuo__vref106.5_vpoc102.5_Pwind400_Pbess0_Q1pu__Dist125_2000ms_post5,CSR_S5254,1.025,,"[[""Filename/Int. Ref."",""S5254_VProfile_033""],[""Fault Level [MVA]"",""-1""],[""X2R"",""-1""],[""Vpoc [.pu]"",""1.0250""],[""Qpoc [.pu]"",""1""],[""Pwind [MW]"",""1226""],[""Pbess [MW]"",""0""],[""t=0"",""steady-state""],[""Dist. Level"",""1.25""],[""Dist. Dur."",""2.0""]]",-1,-1,1.025,1,1,1.0397,1.025,1226,0,1,8.0,"[1, 3.0, 8.0]","[0.2250000000000001, 0, 0]","[""false"", ""false"", ""false""]"
,,13,PLQ S5.2.5.4,Droop,PPOC_VPOC_VREF,-1,-1,1.0397,1.025,1,1226,0,1.2,20.0,5,plq_id13_cuo__vref106.5_vpoc102.5_Pwind400_Pbess0_Q1pu__Dist120_20000ms_post5,S5254_VProfile_034,S5254_VProfile_034 :plq_id13_cuo__vref106.5_vpoc102.5_Pwind400_Pbess0_Q1pu__Dist120_20000ms_post5,CSR_S5254,1.025,,"[[""Filename/Int. Ref."",""S5254_VProfile_034""],[""Fault Level [MVA]"",""-1""],[""X2R"",""-1""],[""Vpoc [.pu]"",""1.0250""],[""Qpoc [.pu]"",""1""],[""Pwind [MW]"",""1226""],[""Pbess [MW]"",""0""],[""t=0"",""steady-state""],[""Dist. Level"",""1.2""],[""Dist. Dur."",""20.0""]]",-1,-1,1.025,1,1,1.0397,1.025,1226,0,1,26.0,"[1, 21.0, 26.0]","[0.17500000000000004, 0, 0]","[""false"", ""false"", ""false""]"
,,13,PLQ S5.2.5.4,Droop,PPOC_VPOC_VREF,-1,-1,1.0397,1.025,1,1226,0,1.15,40.0,5,plq_id13_cuo__vref106.5_vpoc102.5_Pwind400_Pbess0_Q1pu__Dist115_40000ms_post5,S5254_VProfile_035,S5254_VProfile_035 :plq_id13_cuo__vref106.5_vpoc102.5_Pwind400_Pbess0_Q1pu__Dist115_40000ms_post5,CSR_S5254,1.025,,"[[""Filename/Int. Ref."",""S5254_VProfile_035""],[""Fault Level [MVA]"",""-1""],[""X2R"",""-1""],[""Vpoc [.pu]"",""1.0250""],[""Qpoc [.pu]"",""1""],[""Pwind [MW]"",""1226""],[""Pbess [MW]"",""0""],[""t=0"",""steady-state""],[""Dist. Level"",""1.15""],[""Dist. Dur."",""40.0""]]",-1,-1,1.025,1,1,1.0397,1.025,1226,0,1,46.0,"[1, 41.0, 46.0]","[0.125, 0, 0]","[""false"", ""false"", ""false""]"
,,13,PLQ S5.2.5.4,Droop,PPOC_VPOC_VREF,-1,-1,1.0397,1.025,1,1226,0,0.8,10.0,5,plq_id13_cuo__vref106.5_vpoc102.5_Pwind400_Pbess0_Q1pu__Dist80_10000ms_post5,S5254_VProfile_036,S5254_VProfile_036 :plq_id13_cuo__vref106.5_vpoc102.5_Pwind400_Pbess0_Q1pu__Dist80_10000ms_post5,CSR_S5254,1.025,,"[[""Filename/Int. Ref."",""S5254_VProfile_036""],[""Fault Level [MVA]"",""-1""],[""X2R"",""-1""],[""Vpoc [.pu]"",""1.0250""],[""Qpoc [.pu]"",""1""],[""Pwind [MW]"",""1226""],[""Pbess [MW]"",""0""],[""t=0"",""steady-state""],[""Dist. Level"",""0.8""],[""Dist. Dur."",""10.0""]]",-1,-1,1.025,1,1,1.0397,1.025,1226,0,1,16.0,"[1, 11.0, 16.0]","[-0.22499999999999987, 0, 0]","[""false"", ""false"", ""false""]"
,,13,PLQ S5.2.5.4,Droop,PPOC_VPOC_VREF,-1,-1,1.0397,1.025,1,1226,0,0.7,2.0,5,plq_id13_cuo__vref106.5_vpoc102.5_Pwind400_Pbess0_Q1pu__Dist70_2000ms_post5,S5254_VProfile_037,S5254_VProfile_037 :plq_id13_cuo__vref106.5_vpoc102.5_Pwind400_Pbess0_Q1pu__Dist70_2000ms_post5,CSR_S5254,1.025,,"[[""Filename/Int. Ref."",""S5254_VProfile_037""],[""Fault Level [MVA]"",""-1""],[""X2R"",""-1""],[""Vpoc [.pu]"",""1.0250""],[""Qpoc [.pu]"",""1""],[""Pwind [MW]"",""1226""],[""Pbess [MW]"",""0""],[""t=0"",""steady-state""],[""Dist. Level"",""0.7""],[""Dist. Dur."",""2.0""]]",-1,-1,1.025,1,1,1.0397,1.025,1226,0,1,8.0,"[1, 3.0, 8.0]","[-0.32499999999999996, 0, 0]","[""false"", ""false"", ""false""]"
,,13,PLQ S5.2.5.4,Droop,PPOC_VPOC_VREF,-1,-1,1.0397,1.025,1,876,350,1.35,0.02,5,plq_id13_cuo__vref106.5_vpoc102.5_Pwind296_Pbess104_Q1pu__Dist135_20ms_post5,S5254_VProfile_038,S5254_VProfile_038 :plq_id13_cuo__vref106.5_vpoc102.5_Pwind296_Pbess104_Q1pu__Dist135_20ms_post5,CSR_S5254,1.025,,"[[""Filename/Int. Ref."",""S5254_VProfile_038""],[""Fault Level [MVA]"",""-1""],[""X2R"",""-1""],[""Vpoc [.pu]"",""1.0250""],[""Qpoc [.pu]"",""1""],[""Pwind [MW]"",""876""],[""Pbess [MW]"",""350""],[""t=0"",""steady-state""],[""Dist. Level"",""1.35""],[""Dist. Dur."",""0.02""]]",-1,-1,1.025,1,1,1.0397,1.025,876,350,1,6.02,"[1, 1.02, 6.02]","[0.3250000000000002, 0, 0]","[""false"", ""false"", ""false""]"
,,13,PLQ S5.2.5.4,Droop,PPOC_VPOC_VREF,-1,-1,1.0397,1.025,1,876,350,1.3,0.2,5,plq_id13_cuo__vref106.5_vpoc102.5_Pwind296_Pbess104_Q1pu__Dist130_200ms_post5,S5254_VProfile_039,S5254_VProfile_039 :plq_id13_cuo__vref106.5_vpoc102.5_Pwind296_Pbess104_Q1pu__Dist130_200ms_post5,CSR_S5254,1.025,,"[[""Filename/Int. Ref."",""S5254_VProfile_039""],[""Fault Level [MVA]"",""-1""],[""X2R"",""-1""],[""Vpoc [.pu]"",""1.0250""],[""Qpoc [.pu]"",""1""],[""Pwind [MW]"",""876""],[""Pbess [MW]"",""350""],[""t=0"",""steady-state""],[""Dist. Level"",""1.3""],[""Dist. Dur."",""0.2""]]",-1,-1,1.025,1,1,1.0397,1.025,876,350,1,6.2,"[1, 1.2, 6.2]","[0.27500000000000013, 0, 0]","[""false"", ""false"", ""false""]"
,,13,PLQ S5.2.5.4,Droop,PPOC_VPOC_VREF,-1,-1,1.0397,1.025,1,876,350,1.25,2.0,5,plq_id13_cuo__vref106.5_vpoc102.5_Pwind296_Pbess104_Q1pu__Dist125_2000ms_post5,S5254_VProfile_040,S5254_VProfile_040 :plq_id13_cuo__vref106.5_vpoc102.5_Pwind296_Pbess104_Q1pu__Dist125_2000ms_post5,CSR_S5254,1.025,,"[[""Filename/Int. Ref."",""S5254_VProfile_040""],[""Fault Level [MVA]"",""-1""],[""X2R"",""-1""],[""Vpoc [.pu]"",""1.0250""],[""Qpoc [.pu]"",""1""],[""Pwind [MW]"",""876""],[""Pbess [MW]"",""350""],[""t=0"",""steady-state""],[""Dist. Level"",""1.25""],[""Dist. Dur."",""2.0""]]",-1,-1,1.025,1,1,1.0397,1.025,876,350,1,8.0,"[1, 3.0, 8.0]","[0.2250000000000001, 0, 0]","[""false"", ""false"", ""false""]"
,,13,PLQ S5.2.5.4,Droop,PPOC_VPOC_VREF,-1,-1,1.0397,1.025,1,876,350,1.2,20.0,5,plq_id13_cuo__vref106.5_vpoc102.5_Pwind296_Pbess104_Q1pu__Dist120_20000ms_post5,S5254_VProfile_041,S5254_VProfile_041 :plq_id13_cuo__vref106.5_vpoc102.5_Pwind296_Pbess104_Q1pu__Dist120_20000ms_post5,CSR_S5254,1.025,,"[[""Filename/Int. Ref."",""S5254_VProfile_041""],[""Fault Level [MVA]"",""-1""],[""X2R"",""-1""],[""Vpoc [.pu]"",""1.0250""],[""Qpoc [.pu]"",""1""],[""Pwind [MW]"",""876""],[""Pbess [MW]"",""350""],[""t=0"",""steady-state""],[""Dist. Level"",""1.2""],[""Dist. Dur."",""20.0""]]",-1,-1,1.025,1,1,1.0397,1.025,876,350,1,26.0,"[1, 21.0, 26.0]","[0.17500000000000004, 0, 0]","[""false"", ""false"", ""false""]"
,,13,PLQ S5.2.5.4,Droop,PPOC_VPOC_VREF,-1,-1,1.0397,1.025,1,876,350,1.15,40.0,5,plq_id13_cuo__vref106.5_vpoc102.5_Pwind296_Pbess104_Q1pu__Dist115_40000ms_post5,S5254_VProfile_042,S5254_VProfile_042 :plq_id13_cuo__vref106.5_vpoc102.5_Pwind296_Pbess104_Q1pu__Dist115_40000ms_post5,CSR_S5254,1.025,,"[[""Filename/Int. Ref."",""S5254_VProfile_042""],[""Fault Level [MVA]"",""-1""],[""X2R"",""-1""],[""Vpoc [.pu]"",""1.0250""],[""Qpoc [.pu]"",""1""],[""Pwind [MW]"",""876""],[""Pbess [MW]"",""350""],[""t=0"",""steady-state""],[""Dist. Level"",""1.15""],[""Dist. Dur."",""40.0""]]",-1,-1,1.025,1,1,1.0397,1.025,876,350,1,46.0,"[1, 41.0, 46.0]","[0.125, 0, 0]","[""false"", ""false"", ""false""]"
,,13,PLQ S5.2.5.4,Droop,PPOC_VPOC_VREF,-1,-1,1.0397,1.025,1,876,350,0.8,10.0,5,plq_id13_cuo__vref106.5_vpoc102.5_Pwind296_Pbess104_Q1pu__Dist80_10000ms_post5,S5254_VProfile_043,S5254_VProfile_043 :plq_id13_cuo__vref106.5_vpoc102.5_Pwind296_Pbess104_Q1pu__Dist80_10000ms_post5,CSR_S5254,1.025,,"[[""Filename/Int. Ref."",""S5254_VProfile_043""],[""Fault Level [MVA]"",""-1""],[""X2R"",""-1""],[""Vpoc [.pu]"",""1.0250""],[""Qpoc [.pu]"",""1""],[""Pwind [MW]"",""876""],[""Pbess [MW]"",""350""],[""t=0"",""steady-state""],[""Dist. Level"",""0.8""],[""Dist. Dur."",""10.0""]]",-1,-1,1.025,1,1,1.0397,1.025,876,350,1,16.0,"[1, 11.0, 16.0]","[-0.22499999999999987, 0, 0]","[""false"", ""false"", ""false""]"
,,13,PLQ S5.2.5.4,Droop,PPOC_VPOC_VREF,-1,-1,1.0397,1.025,1,876,350,0.7,2.0,5,plq_id13_cuo__vref106.5_vpoc102.5_Pwind296_Pbess104_Q1pu__Dist70_2000ms_post5,S5254_VProfile_044,S5254_VProfile_044 :plq_id13_cuo__vref106.5_vpoc102.5_Pwind296_Pbess104_Q1pu__Dist70_2000ms_post5,CSR_S5254,1.025,,"[[""Filename/Int. Ref."",""S5254_VProfile_044""],[""Fault Level [MVA]"",""-1""],[""X2R"",""-1""],[""Vpoc [.pu]"",""1.0250""],[""Qpoc [.pu]"",""1""],[""Pwind [MW]"",""876""],[""Pbess [MW]"",""350""],[""t=0"",""steady-state""],[""Dist. Level"",""0.7""],[""Dist. Dur."",""2.0""]]",-1,-1,1.025,1,1,1.0397,1.025,876,350,1,8.0,"[1, 3.0, 8.0]","[-0.32499999999999996, 0, 0]","[""false"", ""false"", ""false""]"
,,14,PLQ S5.2.5.4,Droop,PPOC_VPOC_VREF,-1,-1,1.0353,1.05,-1,1226,0,1.35,0.02,5,plq_id14_cuo__vref101_vpoc105_Pwind400_Pbess0_Q-1pu__Dist135_20ms_post5,S5254_VProfile_045,S5254_VProfile_045 :plq_id14_cuo__vref101_vpoc105_Pwind400_Pbess0_Q-1pu__Dist135_20ms_post5,CSR_S5254,1.05,,"[[""Filename/Int. Ref."",""S5254_VProfile_045""],[""Fault Level [MVA]"",""-1""],[""X2R"",""-1""],[""Vpoc [.pu]"",""1.0500""],[""Qpoc [.pu]"",""-1""],[""Pwind [MW]"",""1226""],[""Pbess [MW]"",""0""],[""t=0"",""steady-state""],[""Dist. Level"",""1.35""],[""Dist. Dur."",""0.02""]]",-1,-1,1.05,-1,1,1.0353,1.05,1226,0,1,6.02,"[1, 1.02, 6.02]","[0.30000000000000004, 0, 0]","[""false"", ""false"", ""false""]"
,,14,PLQ S5.2.5.4,Droop,PPOC_VPOC_VREF,-1,-1,1.0353,1.05,-1,1226,0,1.3,0.2,5,plq_id14_cuo__vref101_vpoc105_Pwind400_Pbess0_Q-1pu__Dist130_200ms_post5,S5254_VProfile_046,S5254_VProfile_046 :plq_id14_cuo__vref101_vpoc105_Pwind400_Pbess0_Q-1pu__Dist130_200ms_post5,CSR_S5254,1.05,,"[[""Filename/Int. Ref."",""S5254_VProfile_046""],[""Fault Level [MVA]"",""-1""],[""X2R"",""-1""],[""Vpoc [.pu]"",""1.0500""],[""Qpoc [.pu]"",""-1""],[""Pwind [MW]"",""1226""],[""Pbess [MW]"",""0""],[""t=0"",""steady-state""],[""Dist. Level"",""1.3""],[""Dist. Dur."",""0.2""]]",-1,-1,1.05,-1,1,1.0353,1.05,1226,0,1,6.2,"[1, 1.2, 6.2]","[0.25, 0, 0]","[""false"", ""false"", ""false""]"
,,14,PLQ S5.2.5.4,Droop,PPOC_VPOC_VREF,-1,-1,1.0353,1.05,-1,1226,0,1.25,2.0,5,plq_id14_cuo__vref101_vpoc105_Pwind400_Pbess0_Q-1pu__Dist125_2000ms_post5,S5254_VProfile_047,S5254_VProfile_047 :plq_id14_cuo__vref101_vpoc105_Pwind400_Pbess0_Q-1pu__Dist125_2000ms_post5,CSR_S5254,1.05,,"[[""Filename/Int. Ref."",""S5254_VProfile_047""],[""Fault Level [MVA]"",""-1""],[""X2R"",""-1""],[""Vpoc [.pu]"",""1.0500""],[""Qpoc [.pu]"",""-1""],[""Pwind [MW]"",""1226""],[""Pbess [MW]"",""0""],[""t=0"",""steady-state""],[""Dist. Level"",""1.25""],[""Dist. Dur."",""2.0""]]",-1,-1,1.05,-1,1,1.0353,1.05,1226,0,1,8.0,"[1, 3.0, 8.0]","[0.19999999999999996, 0, 0]","[""false"", ""false"", ""false""]"
,,14,PLQ S5.2.5.4,Droop,PPOC_VPOC_VREF,-1,-1,1.0353,1.05,-1,1226,0,1.2,20.0,5,plq_id14_cuo__vref101_vpoc105_Pwind400_Pbess0_Q-1pu__Dist120_20000ms_post5,S5254_VProfile_048,S5254_VProfile_048 :plq_id14_cuo__vref101_vpoc105_Pwind400_Pbess0_Q-1pu__Dist120_20000ms_post5,CSR_S5254,1.05,,"[[""Filename/Int. Ref."",""S5254_VProfile_048""],[""Fault Level [MVA]"",""-1""],[""X2R"",""-1""],[""Vpoc [.pu]"",""1.0500""],[""Qpoc [.pu]"",""-1""],[""Pwind [MW]"",""1226""],[""Pbess [MW]"",""0""],[""t=0"",""steady-state""],[""Dist. Level"",""1.2""],[""Dist. Dur."",""20.0""]]",-1,-1,1.05,-1,1,1.0353,1.05,1226,0,1,26.0,"[1, 21.0, 26.0]","[0.1499999999999999, 0, 0]","[""false"", ""false"", ""false""]"
,,14,PLQ S5.2.5.4,Droop,PPOC_VPOC_VREF,-1,-1,1.0353,1.05,-1,1226,0,1.15,40.0,5,plq_id14_cuo__vref101_vpoc105_Pwind400_Pbess0_Q-1pu__Dist115_40000ms_post5,S5254_VProfile_049,S5254_VProfile_049 :plq_id14_cuo__vref101_vpoc105_Pwind400_Pbess0_Q-1pu__Dist115_40000ms_post5,CSR_S5254,1.05,,"[[""Filename/Int. Ref."",""S5254_VProfile_049""],[""Fault Level [MVA]"",""-1""],[""X2R"",""-1""],[""Vpoc [.pu]"",""1.0500""],[""Qpoc [.pu]"",""-1""],[""Pwind [MW]"",""1226""],[""Pbess [MW]"",""0""],[""t=0"",""steady-state""],[""Dist. Level"",""1.15""],[""Dist. Dur."",""40.0""]]",-1,-1,1.05,-1,1,1.0353,1.05,1226,0,1,46.0,"[1, 41.0, 46.0]","[0.09999999999999987, 0, 0]","[""false"", ""false"", ""false""]"
,,14,PLQ S5.2.5.4,Droop,PPOC_VPOC_VREF,-1,-1,1.0353,1.05,-1,1226,0,0.8,10.0,5,plq_id14_cuo__vref101_vpoc105_Pwind400_Pbess0_Q-1pu__Dist80_10000ms_post5,S5254_VProfile_050,S5254_VProfile_050 :plq_id14_cuo__vref101_vpoc105_Pwind400_Pbess0_Q-1pu__Dist80_10000ms_post5,CSR_S5254,1.05,,"[[""Filename/Int. Ref."",""S5254_VProfile_050""],[""Fault Level [MVA]"",""-1""],[""X2R"",""-1""],[""Vpoc [.pu]"",""1.0500""],[""Qpoc [.pu]"",""-1""],[""Pwind [MW]"",""1226""],[""Pbess [MW]"",""0""],[""t=0"",""steady-state""],[""Dist. Level"",""0.8""],[""Dist. Dur."",""10.0""]]",-1,-1,1.05,-1,1,1.0353,1.05,1226,0,1,16.0,"[1, 11.0, 16.0]","[-0.25, 0, 0]","[""false"", ""false"", ""false""]"
,,14,PLQ S5.2.5.4,Droop,PPOC_VPOC_VREF,-1,-1,1.0353,1.05,-1,1226,0,0.7,2.0,5,plq_id14_cuo__vref101_vpoc105_Pwind400_Pbess0_Q-1pu__Dist70_2000ms_post5,S5254_VProfile_051,S5254_VProfile_051 :plq_id14_cuo__vref101_vpoc105_Pwind400_Pbess0_Q-1pu__Dist70_2000ms_post5,CSR_S5254,1.05,,"[[""Filename/Int. Ref."",""S5254_VProfile_051""],[""Fault Level [MVA]"",""-1""],[""X2R"",""-1""],[""Vpoc [.pu]"",""1.0500""],[""Qpoc [.pu]"",""-1""],[""Pwind [MW]"",""1226""],[""Pbess [MW]"",""0""],[""t=0"",""steady-state""],[""Dist. Level"",""0.7""],[""Dist. Dur."",""2.0""]]",-1,-1,1.05,-1,1,1.0353,1.05,1226,0,1,8.0,"[1, 3.0, 8.0]","[-0.3500000000000001, 0, 0]","[""false"", ""false"", ""false""]"
,,14,PLQ S5.2.5.4,Droop,PPOC_VPOC_VREF,-1,-1,1.0353,1.05,-1,876,350,1.35,0.02,5,plq_id14_cuo__vref101_vpoc105_Pwind296_Pbess104_Q-1pu__Dist135_20ms_post5,S5254_VProfile_052,S5254_VProfile_052 :plq_id14_cuo__vref101_vpoc105_Pwind296_Pbess104_Q-1pu__Dist135_20ms_post5,CSR_S5254,1.05,,"[[""Filename/Int. Ref."",""S5254_VProfile_052""],[""Fault Level [MVA]"",""-1""],[""X2R"",""-1""],[""Vpoc [.pu]"",""1.0500""],[""Qpoc [.pu]"",""-1""],[""Pwind [MW]"",""876""],[""Pbess [MW]"",""350""],[""t=0"",""steady-state""],[""Dist. Level"",""1.35""],[""Dist. Dur."",""0.02""]]",-1,-1,1.05,-1,1,1.0353,1.05,876,350,1,6.02,"[1, 1.02, 6.02]","[0.30000000000000004, 0, 0]","[""false"", ""false"", ""false""]"
,,14,PLQ S5.2.5.4,Droop,PPOC_VPOC_VREF,-1,-1,1.0353,1.05,-1,876,350,1.3,0.2,5,plq_id14_cuo__vref101_vpoc105_Pwind296_Pbess104_Q-1pu__Dist130_200ms_post5,S5254_VProfile_053,S5254_VProfile_053 :plq_id14_cuo__vref101_vpoc105_Pwind296_Pbess104_Q-1pu__Dist130_200ms_post5,CSR_S5254,1.05,,"[[""Filename/Int. Ref."",""S5254_VProfile_053""],[""Fault Level [MVA]"",""-1""],[""X2R"",""-1""],[""Vpoc [.pu]"",""1.0500""],[""Qpoc [.pu]"",""-1""],[""Pwind [MW]"",""876""],[""Pbess [MW]"",""350""],[""t=0"",""steady-state""],[""Dist. Level"",""1.3""],[""Dist. Dur."",""0.2""]]",-1,-1,1.05,-1,1,1.0353,1.05,876,350,1,6.2,"[1, 1.2, 6.2]","[0.25, 0, 0]","[""false"", ""false"", ""false""]"
,,14,PLQ S5.2.5.4,Droop,PPOC_VPOC_VREF,-1,-1,1.0353,1.05,-1,876,350,1.25,2.0,5,plq_id14_cuo__vref101_vpoc105_Pwind296_Pbess104_Q-1pu__Dist125_2000ms_post5,S5254_VProfile_054,S5254_VProfile_054 :plq_id14_cuo__vref101_vpoc105_Pwind296_Pbess104_Q-1pu__Dist125_2000ms_post5,CSR_S5254,1.05,,"[[""Filename/Int. Ref."",""S5254_VProfile_054""],[""Fault Level [MVA]"",""-1""],[""X2R"",""-1""],[""Vpoc [.pu]"",""1.0500""],[""Qpoc [.pu]"",""-1""],[""Pwind [MW]"",""876""],[""Pbess [MW]"",""350""],[""t=0"",""steady-state""],[""Dist. Level"",""1.25""],[""Dist. Dur."",""2.0""]]",-1,-1,1.05,-1,1,1.0353,1.05,876,350,1,8.0,"[1, 3.0, 8.0]","[0.19999999999999996, 0, 0]","[""false"", ""false"", ""false""]"
,,14,PLQ S5.2.5.4,Droop,PPOC_VPOC_VREF,-1,-1,1.0353,1.05,-1,876,350,1.2,20.0,5,plq_id14_cuo__vref101_vpoc105_Pwind296_Pbess104_Q-1pu__Dist120_20000ms_post5,S5254_VProfile_055,S5254_VProfile_055 :plq_id14_cuo__vref101_vpoc105_Pwind296_Pbess104_Q-1pu__Dist120_20000ms_post5,CSR_S5254,1.05,,"[[""Filename/Int. Ref."",""S5254_VProfile_055""],[""Fault Level [MVA]"",""-1""],[""X2R"",""-1""],[""Vpoc [.pu]"",""1.0500""],[""Qpoc [.pu]"",""-1""],[""Pwind [MW]"",""876""],[""Pbess [MW]"",""350""],[""t=0"",""steady-state""],[""Dist. Level"",""1.2""],[""Dist. Dur."",""20.0""]]",-1,-1,1.05,-1,1,1.0353,1.05,876,350,1,26.0,"[1, 21.0, 26.0]","[0.1499999999999999, 0, 0]","[""false"", ""false"", ""false""]"
,,14,PLQ S5.2.5.4,Droop,PPOC_VPOC_VREF,-1,-1,1.0353,1.05,-1,876,350,1.15,40.0,5,plq_id14_cuo__vref101_vpoc105_Pwind296_Pbess104_Q-1pu__Dist115_40000ms_post5,S5254_VProfile_056,S5254_VProfile_056 :plq_id14_cuo__vref101_vpoc105_Pwind296_Pbess104_Q-1pu__Dist115_40000ms_post5,CSR_S5254,1.05,,"[[""Filename/Int. Ref."",""S5254_VProfile_056""],[""Fault Level [MVA]"",""-1""],[""X2R"",""-1""],[""Vpoc [.pu]"",""1.0500""],[""Qpoc [.pu]"",""-1""],[""Pwind [MW]"",""876""],[""Pbess [MW]"",""350""],[""t=0"",""steady-state""],[""Dist. Level"",""1.15""],[""Dist. Dur."",""40.0""]]",-1,-1,1.05,-1,1,1.0353,1.05,876,350,1,46.0,"[1, 41.0, 46.0]","[0.09999999999999987, 0, 0]","[""false"", ""false"", ""false""]"
,,14,PLQ S5.2.5.4,Droop,PPOC_VPOC_VREF,-1,-1,1.0353,1.05,-1,876,350,0.8,10.0,5,plq_id14_cuo__vref101_vpoc105_Pwind296_Pbess104_Q-1pu__Dist80_10000ms_post5,S5254_VProfile_057,S5254_VProfile_057 :plq_id14_cuo__vref101_vpoc105_Pwind296_Pbess104_Q-1pu__Dist80_10000ms_post5,CSR_S5254,1.05,,"[[""Filename/Int. Ref."",""S5254_VProfile_057""],[""Fault Level [MVA]"",""-1""],[""X2R"",""-1""],[""Vpoc [.pu]"",""1.0500""],[""Qpoc [.pu]"",""-1""],[""Pwind [MW]"",""876""],[""Pbess [MW]"",""350""],[""t=0"",""steady-state""],[""Dist. Level"",""0.8""],[""Dist. Dur."",""10.0""]]",-1,-1,1.05,-1,1,1.0353,1.05,876,350,1,16.0,"[1, 11.0, 16.0]","[-0.25, 0, 0]","[""false"", ""false"", ""false""]"
,,14,PLQ S5.2.5.4,Droop,PPOC_VPOC_VREF,-1,-1,1.0353,1.05,-1,876,350,0.7,2.0,5,plq_id14_cuo__vref101_vpoc105_Pwind296_Pbess104_Q-1pu__Dist70_2000ms_post5,S5254_VProfile_058,S5254_VProfile_058 :plq_id14_cuo__vref101_vpoc105_Pwind296_Pbess104_Q-1pu__Dist70_2000ms_post5,CSR_S5254,1.05,,"[[""Filename/Int. Ref."",""S5254_VProfile_058""],[""Fault Level [MVA]"",""-1""],[""X2R"",""-1""],[""Vpoc [.pu]"",""1.0500""],[""Qpoc [.pu]"",""-1""],[""Pwind [MW]"",""876""],[""Pbess [MW]"",""350""],[""t=0"",""steady-state""],[""Dist. Level"",""0.7""],[""Dist. Dur."",""2.0""]]",-1,-1,1.05,-1,1,1.0353,1.05,876,350,1,8.0,"[1, 3.0, 8.0]","[-0.3500000000000001, 0, 0]","[""false"", ""false"", ""false""]"
,,15,PLQ S5.2.5.4,Droop,PPOC_VPOC_VREF,-1,-1,1.0397,1.025,1,0,0,1.35,0.02,5,plq_id15_cuo__vref106.5_vpoc102.5_Pwind0_Pbess0_Q1pu__Dist135_20ms_post5,S5254_VProfile_059,S5254_VProfile_059 :plq_id15_cuo__vref106.5_vpoc102.5_Pwind0_Pbess0_Q1pu__Dist135_20ms_post5,CSR_S5254,1.025,,"[[""Filename/Int. Ref."",""S5254_VProfile_059""],[""Fault Level [MVA]"",""-1""],[""X2R"",""-1""],[""Vpoc [.pu]"",""1.0250""],[""Qpoc [.pu]"",""1""],[""Pwind [MW]"",""0""],[""Pbess [MW]"",""0""],[""t=0"",""steady-state""],[""Dist. Level"",""1.35""],[""Dist. Dur."",""0.02""]]",-1,-1,1.025,1,1,1.0397,1.025,0,0,1,6.02,"[1, 1.02, 6.02]","[0.3250000000000002, 0, 0]","[""false"", ""false"", ""false""]"
,,15,PLQ S5.2.5.4,Droop,PPOC_VPOC_VREF,-1,-1,1.0397,1.025,1,0,0,1.3,0.2,5,plq_id15_cuo__vref106.5_vpoc102.5_Pwind0_Pbess0_Q1pu__Dist130_200ms_post5,S5254_VProfile_060,S5254_VProfile_060 :plq_id15_cuo__vref106.5_vpoc102.5_Pwind0_Pbess0_Q1pu__Dist130_200ms_post5,CSR_S5254,1.025,,"[[""Filename/Int. Ref."",""S5254_VProfile_060""],[""Fault Level [MVA]"",""-1""],[""X2R"",""-1""],[""Vpoc [.pu]"",""1.0250""],[""Qpoc [.pu]"",""1""],[""Pwind [MW]"",""0""],[""Pbess [MW]"",""0""],[""t=0"",""steady-state""],[""Dist. Level"",""1.3""],[""Dist. Dur."",""0.2""]]",-1,-1,1.025,1,1,1.0397,1.025,0,0,1,6.2,"[1, 1.2, 6.2]","[0.27500000000000013, 0, 0]","[""false"", ""false"", ""false""]"
,,15,PLQ S5.2.5.4,Droop,PPOC_VPOC_VREF,-1,-1,1.0397,1.025,1,0,0,1.25,2.0,5,plq_id15_cuo__vref106.5_vpoc102.5_Pwind0_Pbess0_Q1pu__Dist125_2000ms_post5,S5254_VProfile_061,S5254_VProfile_061 :plq_id15_cuo__vref106.5_vpoc102.5_Pwind0_Pbess0_Q1pu__Dist125_2000ms_post5,CSR_S5254,1.025,,"[[""Filename/Int. Ref."",""S5254_VProfile_061""],[""Fault Level [MVA]"",""-1""],[""X2R"",""-1""],[""Vpoc [.pu]"",""1.0250""],[""Qpoc [.pu]"",""1""],[""Pwind [MW]"",""0""],[""Pbess [MW]"",""0""],[""t=0"",""steady-state""],[""Dist. Level"",""1.25""],[""Dist. Dur."",""2.0""]]",-1,-1,1.025,1,1,1.0397,1.025,0,0,1,8.0,"[1, 3.0, 8.0]","[0.2250000000000001, 0, 0]","[""false"", ""false"", ""false""]"
,,15,PLQ S5.2.5.4,Droop,PPOC_VPOC_VREF,-1,-1,1.0397,1.025,1,0,0,1.2,20.0,5,plq_id15_cuo__vref106.5_vpoc102.5_Pwind0_Pbess0_Q1pu__Dist120_20000ms_post5,S5254_VProfile_062,S5254_VProfile_062 :plq_id15_cuo__vref106.5_vpoc102.5_Pwind0_Pbess0_Q1pu__Dist120_20000ms_post5,CSR_S5254,1.025,,"[[""Filename/Int. Ref."",""S5254_VProfile_062""],[""Fault Level [MVA]"",""-1""],[""X2R"",""-1""],[""Vpoc [.pu]"",""1.0250""],[""Qpoc [.pu]"",""1""],[""Pwind [MW]"",""0""],[""Pbess [MW]"",""0""],[""t=0"",""steady-state""],[""Dist. Level"",""1.2""],[""Dist. Dur."",""20.0""]]",-1,-1,1.025,1,1,1.0397,1.025,0,0,1,26.0,"[1, 21.0, 26.0]","[0.17500000000000004, 0, 0]","[""false"", ""false"", ""false""]"
,,15,PLQ S5.2.5.4,Droop,PPOC_VPOC_VREF,-1,-1,1.0397,1.025,1,0,0,1.15,40.0,5,plq_id15_cuo__vref106.5_vpoc102.5_Pwind0_Pbess0_Q1pu__Dist115_40000ms_post5,S5254_VProfile_063,S5254_VProfile_063 :plq_id15_cuo__vref106.5_vpoc102.5_Pwind0_Pbess0_Q1pu__Dist115_40000ms_post5,CSR_S5254,1.025,,"[[""Filename/Int. Ref."",""S5254_VProfile_063""],[""Fault Level [MVA]"",""-1""],[""X2R"",""-1""],[""Vpoc [.pu]"",""1.0250""],[""Qpoc [.pu]"",""1""],[""Pwind [MW]"",""0""],[""Pbess [MW]"",""0""],[""t=0"",""steady-state""],[""Dist. Level"",""1.15""],[""Dist. Dur."",""40.0""]]",-1,-1,1.025,1,1,1.0397,1.025,0,0,1,46.0,"[1, 41.0, 46.0]","[0.125, 0, 0]","[""false"", ""false"", ""false""]"
,,15,PLQ S5.2.5.4,Droop,PPOC_VPOC_VREF,-1,-1,1.0397,1.025,1,0,0,0.8,10.0,5,plq_id15_cuo__vref106.5_vpoc102.5_Pwind0_Pbess0_Q1pu__Dist80_10000ms_post5,S5254_VProfile_064,S5254_VProfile_064 :plq_id15_cuo__vref106.5_vpoc102.5_Pwind0_Pbess0_Q1pu__Dist80_10000ms_post5,CSR_S5254,1.025,,"[[""Filename/Int. Ref."",""S5254_VProfile_064""],[""Fault Level [MVA]"",""-1""],[""X2R"",""-1""],[""Vpoc [.pu]"",""1.0250""],[""Qpoc [.pu]"",""1""],[""Pwind [MW]"",""0""],[""Pbess [MW]"",""0""],[""t=0"",""steady-state""],[""Dist. Level"",""0.8""],[""Dist. Dur."",""10.0""]]",-1,-1,1.025,1,1,1.0397,1.025,0,0,1,16.0,"[1, 11.0, 16.0]","[-0.22499999999999987, 0, 0]","[""false"", ""false"", ""false""]"
,,15,PLQ S5.2.5.4,Droop,PPOC_VPOC_VREF,-1,-1,1.0397,1.025,1,0,0,0.7,2.0,5,plq_id15_cuo__vref106.5_vpoc102.5_Pwind0_Pbess0_Q1pu__Dist70_2000ms_post5,S5254_VProfile_065,S5254_VProfile_065 :plq_id15_cuo__vref106.5_vpoc102.5_Pwind0_Pbess0_Q1pu__Dist70_2000ms_post5,CSR_S5254,1.025,,"[[""Filename/Int. Ref."",""S5254_VProfile_065""],[""Fault Level [MVA]"",""-1""],[""X2R"",""-1""],[""Vpoc [.pu]"",""1.0250""],[""Qpoc [.pu]"",""1""],[""Pwind [MW]"",""0""],[""Pbess [MW]"",""0""],[""t=0"",""steady-state""],[""Dist. Level"",""0.7""],[""Dist. Dur."",""2.0""]]",-1,-1,1.025,1,1,1.0397,1.025,0,0,1,8.0,"[1, 3.0, 8.0]","[-0.32499999999999996, 0, 0]","[""false"", ""false"", ""false""]"
,,15,PLQ S5.2.5.4,Droop,PPOC_VPOC_VREF,-1,-1,1.0397,1.025,1,0,0,1.35,0.02,5,plq_id15_cuo__vref106.5_vpoc102.5_Pwind0_Pbess0_Q1pu__Dist135_20ms_post5,S5254_VProfile_066,S5254_VProfile_066 :plq_id15_cuo__vref106.5_vpoc102.5_Pwind0_Pbess0_Q1pu__Dist135_20ms_post5,CSR_S5254,1.025,,"[[""Filename/Int. Ref."",""S5254_VProfile_066""],[""Fault Level [MVA]"",""-1""],[""X2R"",""-1""],[""Vpoc [.pu]"",""1.0250""],[""Qpoc [.pu]"",""1""],[""Pwind [MW]"",""0""],[""Pbess [MW]"",""0""],[""t=0"",""steady-state""],[""Dist. Level"",""1.35""],[""Dist. Dur."",""0.02""]]",-1,-1,1.025,1,1,1.0397,1.025,0,0,1,6.02,"[1, 1.02, 6.02]","[0.3250000000000002, 0, 0]","[""false"", ""false"", ""false""]"
,,15,PLQ S5.2.5.4,Droop,PPOC_VPOC_VREF,-1,-1,1.0397,1.025,1,0,0,1.3,0.2,5,plq_id15_cuo__vref106.5_vpoc102.5_Pwind0_Pbess0_Q1pu__Dist130_200ms_post5,S5254_VProfile_067,S5254_VProfile_067 :plq_id15_cuo__vref106.5_vpoc102.5_Pwind0_Pbess0_Q1pu__Dist130_200ms_post5,CSR_S5254,1.025,,"[[""Filename/Int. Ref."",""S5254_VProfile_067""],[""Fault Level [MVA]"",""-1""],[""X2R"",""-1""],[""Vpoc [.pu]"",""1.0250""],[""Qpoc [.pu]"",""1""],[""Pwind [MW]"",""0""],[""Pbess [MW]"",""0""],[""t=0"",""steady-state""],[""Dist. Level"",""1.3""],[""Dist. Dur."",""0.2""]]",-1,-1,1.025,1,1,1.0397,1.025,0,0,1,6.2,"[1, 1.2, 6.2]","[0.27500000000000013, 0, 0]","[""false"", ""false"", ""false""]"
,,15,PLQ S5.2.5.4,Droop,PPOC_VPOC_VREF,-1,-1,1.0397,1.025,1,0,0,1.25,2.0,5,plq_id15_cuo__vref106.5_vpoc102.5_Pwind0_Pbess0_Q1pu__Dist125_2000ms_post5,S5254_VProfile_068,S5254_VProfile_068 :plq_id15_cuo__vref106.5_vpoc102.5_Pwind0_Pbess0_Q1pu__Dist125_2000ms_post5,CSR_S5254,1.025,,"[[""Filename/Int. Ref."",""S5254_VProfile_068""],[""Fault Level [MVA]"",""-1""],[""X2R"",""-1""],[""Vpoc [.pu]"",""1.0250""],[""Qpoc [.pu]"",""1""],[""Pwind [MW]"",""0""],[""Pbess [MW]"",""0""],[""t=0"",""steady-state""],[""Dist. Level"",""1.25""],[""Dist. Dur."",""2.0""]]",-1,-1,1.025,1,1,1.0397,1.025,0,0,1,8.0,"[1, 3.0, 8.0]","[0.2250000000000001, 0, 0]","[""false"", ""false"", ""false""]"
,,15,PLQ S5.2.5.4,Droop,PPOC_VPOC_VREF,-1,-1,1.0397,1.025,1,0,0,1.2,20.0,5,plq_id15_cuo__vref106.5_vpoc102.5_Pwind0_Pbess0_Q1pu__Dist120_20000ms_post5,S5254_VProfile_069,S5254_VProfile_069 :plq_id15_cuo__vref106.5_vpoc102.5_Pwind0_Pbess0_Q1pu__Dist120_20000ms_post5,CSR_S5254,1.025,,"[[""Filename/Int. Ref."",""S5254_VProfile_069""],[""Fault Level [MVA]"",""-1""],[""X2R"",""-1""],[""Vpoc [.pu]"",""1.0250""],[""Qpoc [.pu]"",""1""],[""Pwind [MW]"",""0""],[""Pbess [MW]"",""0""],[""t=0"",""steady-state""],[""Dist. Level"",""1.2""],[""Dist. Dur."",""20.0""]]",-1,-1,1.025,1,1,1.0397,1.025,0,0,1,26.0,"[1, 21.0, 26.0]","[0.17500000000000004, 0, 0]","[""false"", ""false"", ""false""]"
,,15,PLQ S5.2.5.4,Droop,PPOC_VPOC_VREF,-1,-1,1.0397,1.025,1,0,0,1.15,40.0,5,plq_id15_cuo__vref106.5_vpoc102.5_Pwind0_Pbess0_Q1pu__Dist115_40000ms_post5,S5254_VProfile_070,S5254_VProfile_070 :plq_id15_cuo__vref106.5_vpoc102.5_Pwind0_Pbess0_Q1pu__Dist115_40000ms_post5,CSR_S5254,1.025,,"[[""Filename/Int. Ref."",""S5254_VProfile_070""],[""Fault Level [MVA]"",""-1""],[""X2R"",""-1""],[""Vpoc [.pu]"",""1.0250""],[""Qpoc [.pu]"",""1""],[""Pwind [MW]"",""0""],[""Pbess [MW]"",""0""],[""t=0"",""steady-state""],[""Dist. Level"",""1.15""],[""Dist. Dur."",""40.0""]]",-1,-1,1.025,1,1,1.0397,1.025,0,0,1,46.0,"[1, 41.0, 46.0]","[0.125, 0, 0]","[""false"", ""false"", ""false""]"
,,15,PLQ S5.2.5.4,Droop,PPOC_VPOC_VREF,-1,-1,1.0397,1.025,1,0,0,0.8,10.0,5,plq_id15_cuo__vref106.5_vpoc102.5_Pwind0_Pbess0_Q1pu__Dist80_10000ms_post5,S5254_VProfile_071,S5254_VProfile_071 :plq_id15_cuo__vref106.5_vpoc102.5_Pwind0_Pbess0_Q1pu__Dist80_10000ms_post5,CSR_S5254,1.025,,"[[""Filename/Int. Ref."",""S5254_VProfile_071""],[""Fault Level [MVA]"",""-1""],[""X2R"",""-1""],[""Vpoc [.pu]"",""1.0250""],[""Qpoc [.pu]"",""1""],[""Pwind [MW]"",""0""],[""Pbess [MW]"",""0""],[""t=0"",""steady-state""],[""Dist. Level"",""0.8""],[""Dist. Dur."",""10.0""]]",-1,-1,1.025,1,1,1.0397,1.025,0,0,1,16.0,"[1, 11.0, 16.0]","[-0.22499999999999987, 0, 0]","[""false"", ""false"", ""false""]"
,,15,PLQ S5.2.5.4,Droop,PPOC_VPOC_VREF,-1,-1,1.0397,1.025,1,0,0,0.7,2.0,5,plq_id15_cuo__vref106.5_vpoc102.5_Pwind0_Pbess0_Q1pu__Dist70_2000ms_post5,S5254_VProfile_072,S5254_VProfile_072 :plq_id15_cuo__vref106.5_vpoc102.5_Pwind0_Pbess0_Q1pu__Dist70_2000ms_post5,CSR_S5254,1.025,,"[[""Filename/Int. Ref."",""S5254_VProfile_072""],[""Fault Level [MVA]"",""-1""],[""X2R"",""-1""],[""Vpoc [.pu]"",""1.0250""],[""Qpoc [.pu]"",""1""],[""Pwind [MW]"",""0""],[""Pbess [MW]"",""0""],[""t=0"",""steady-state""],[""Dist. Level"",""0.7""],[""Dist. Dur."",""2.0""]]",-1,-1,1.025,1,1,1.0397,1.025,0,0,1,8.0,"[1, 3.0, 8.0]","[-0.32499999999999996, 0, 0]","[""false"", ""false"", ""false""]"
,,16,PLQ S5.2.5.4,Droop,PPOC_VPOC_VREF,-1,-1,1.0353,1.05,-1,0,0,1.35,0.02,5,plq_id16_cuo__vref101_vpoc105_Pwind0_Pbess0_Q-1pu__Dist135_20ms_post5,S5254_VProfile_073,S5254_VProfile_073 :plq_id16_cuo__vref101_vpoc105_Pwind0_Pbess0_Q-1pu__Dist135_20ms_post5,CSR_S5254,1.05,,"[[""Filename/Int. Ref."",""S5254_VProfile_073""],[""Fault Level [MVA]"",""-1""],[""X2R"",""-1""],[""Vpoc [.pu]"",""1.0500""],[""Qpoc [.pu]"",""-1""],[""Pwind [MW]"",""0""],[""Pbess [MW]"",""0""],[""t=0"",""steady-state""],[""Dist. Level"",""1.35""],[""Dist. Dur."",""0.02""]]",-1,-1,1.05,-1,1,1.0353,1.05,0,0,1,6.02,"[1, 1.02, 6.02]","[0.30000000000000004, 0, 0]","[""false"", ""false"", ""false""]"
,,16,PLQ S5.2.5.4,Droop,PPOC_VPOC_VREF,-1,-1,1.0353,1.05,-1,0,0,1.3,0.2,5,plq_id16_cuo__vref101_vpoc105_Pwind0_Pbess0_Q-1pu__Dist130_200ms_post5,S5254_VProfile_074,S5254_VProfile_074 :plq_id16_cuo__vref101_vpoc105_Pwind0_Pbess0_Q-1pu__Dist130_200ms_post5,CSR_S5254,1.05,,"[[""Filename/Int. Ref."",""S5254_VProfile_074""],[""Fault Level [MVA]"",""-1""],[""X2R"",""-1""],[""Vpoc [.pu]"",""1.0500""],[""Qpoc [.pu]"",""-1""],[""Pwind [MW]"",""0""],[""Pbess [MW]"",""0""],[""t=0"",""steady-state""],[""Dist. Level"",""1.3""],[""Dist. Dur."",""0.2""]]",-1,-1,1.05,-1,1,1.0353,1.05,0,0,1,6.2,"[1, 1.2, 6.2]","[0.25, 0, 0]","[""false"", ""false"", ""false""]"
,,16,PLQ S5.2.5.4,Droop,PPOC_VPOC_VREF,-1,-1,1.0353,1.05,-1,0,0,1.25,2.0,5,plq_id16_cuo__vref101_vpoc105_Pwind0_Pbess0_Q-1pu__Dist125_2000ms_post5,S5254_VProfile_075,S5254_VProfile_075 :plq_id16_cuo__vref101_vpoc105_Pwind0_Pbess0_Q-1pu__Dist125_2000ms_post5,CSR_S5254,1.05,,"[[""Filename/Int. Ref."",""S5254_VProfile_075""],[""Fault Level [MVA]"",""-1""],[""X2R"",""-1""],[""Vpoc [.pu]"",""1.0500""],[""Qpoc [.pu]"",""-1""],[""Pwind [MW]"",""0""],[""Pbess [MW]"",""0""],[""t=0"",""steady-state""],[""Dist. Level"",""1.25""],[""Dist. Dur."",""2.0""]]",-1,-1,1.05,-1,1,1.0353,1.05,0,0,1,8.0,"[1, 3.0, 8.0]","[0.19999999999999996, 0, 0]","[""false"", ""false"", ""false""]"
,,16,PLQ S5.2.5.4,Droop,PPOC_VPOC_VREF,-1,-1,1.0353,1.05,-1,0,0,1.2,20.0,5,plq_id16_cuo__vref101_vpoc105_Pwind0_Pbess0_Q-1pu__Dist120_20000ms_post5,S5254_VProfile_076,S5254_VProfile_076 :plq_id16_cuo__vref101_vpoc105_Pwind0_Pbess0_Q-1pu__Dist120_20000ms_post5,CSR_S5254,1.05,,"[[""Filename/Int. Ref."",""S5254_VProfile_076""],[""Fault Level [MVA]"",""-1""],[""X2R"",""-1""],[""Vpoc [.pu]"",""1.0500""],[""Qpoc [.pu]"",""-1""],[""Pwind [MW]"",""0""],[""Pbess [MW]"",""0""],[""t=0"",""steady-state""],[""Dist. Level"",""1.2""],[""Dist. Dur."",""20.0""]]",-1,-1,1.05,-1,1,1.0353,1.05,0,0,1,26.0,"[1, 21.0, 26.0]","[0.1499999999999999, 0, 0]","[""false"", ""false"", ""false""]"
,,16,PLQ S5.2.5.4,Droop,PPOC_VPOC_VREF,-1,-1,1.0353,1.05,-1,0,0,1.15,40.0,5,plq_id16_cuo__vref101_vpoc105_Pwind0_Pbess0_Q-1pu__Dist115_40000ms_post5,S5254_VProfile_077,S5254_VProfile_077 :plq_id16_cuo__vref101_vpoc105_Pwind0_Pbess0_Q-1pu__Dist115_40000ms_post5,CSR_S5254,1.05,,"[[""Filename/Int. Ref."",""S5254_VProfile_077""],[""Fault Level [MVA]"",""-1""],[""X2R"",""-1""],[""Vpoc [.pu]"",""1.0500""],[""Qpoc [.pu]"",""-1""],[""Pwind [MW]"",""0""],[""Pbess [MW]"",""0""],[""t=0"",""steady-state""],[""Dist. Level"",""1.15""],[""Dist. Dur."",""40.0""]]",-1,-1,1.05,-1,1,1.0353,1.05,0,0,1,46.0,"[1, 41.0, 46.0]","[0.09999999999999987, 0, 0]","[""false"", ""false"", ""false""]"
,,16,PLQ S5.2.5.4,Droop,PPOC_VPOC_VREF,-1,-1,1.0353,1.05,-1,0,0,0.8,10.0,5,plq_id16_cuo__vref101_vpoc105_Pwind0_Pbess0_Q-1pu__Dist80_10000ms_post5,S5254_VProfile_078,S5254_VProfile_078 :plq_id16_cuo__vref101_vpoc105_Pwind0_Pbess0_Q-1pu__Dist80_10000ms_post5,CSR_S5254,1.05,,"[[""Filename/Int. Ref."",""S5254_VProfile_078""],[""Fault Level [MVA]"",""-1""],[""X2R"",""-1""],[""Vpoc [.pu]"",""1.0500""],[""Qpoc [.pu]"",""-1""],[""Pwind [MW]"",""0""],[""Pbess [MW]"",""0""],[""t=0"",""steady-state""],[""Dist. Level"",""0.8""],[""Dist. Dur."",""10.0""]]",-1,-1,1.05,-1,1,1.0353,1.05,0,0,1,16.0,"[1, 11.0, 16.0]","[-0.25, 0, 0]","[""false"", ""false"", ""false""]"
,,16,PLQ S5.2.5.4,Droop,PPOC_VPOC_VREF,-1,-1,1.0353,1.05,-1,0,0,0.7,2.0,5,plq_id16_cuo__vref101_vpoc105_Pwind0_Pbess0_Q-1pu__Dist70_2000ms_post5,S5254_VProfile_079,S5254_VProfile_079 :plq_id16_cuo__vref101_vpoc105_Pwind0_Pbess0_Q-1pu__Dist70_2000ms_post5,CSR_S5254,1.05,,"[[""Filename/Int. Ref."",""S5254_VProfile_079""],[""Fault Level [MVA]"",""-1""],[""X2R"",""-1""],[""Vpoc [.pu]"",""1.0500""],[""Qpoc [.pu]"",""-1""],[""Pwind [MW]"",""0""],[""Pbess [MW]"",""0""],[""t=0"",""steady-state""],[""Dist. Level"",""0.7""],[""Dist. Dur."",""2.0""]]",-1,-1,1.05,-1,1,1.0353,1.05,0,0,1,8.0,"[1, 3.0, 8.0]","[-0.3500000000000001, 0, 0]","[""false"", ""false"", ""false""]"
,,16,PLQ S5.2.5.4,Droop,PPOC_VPOC_VREF,-1,-1,1.0353,1.05,-1,0,0,1.35,0.02,5,plq_id16_cuo__vref101_vpoc105_Pwind0_Pbess0_Q-1pu__Dist135_20ms_post5,S5254_VProfile_080,S5254_VProfile_080 :plq_id16_cuo__vref101_vpoc105_Pwind0_Pbess0_Q-1pu__Dist135_20ms_post5,CSR_S5254,1.05,,"[[""Filename/Int. Ref."",""S5254_VProfile_080""],[""Fault Level [MVA]"",""-1""],[""X2R"",""-1""],[""Vpoc [.pu]"",""1.0500""],[""Qpoc [.pu]"",""-1""],[""Pwind [MW]"",""0""],[""Pbess [MW]"",""0""],[""t=0"",""steady-state""],[""Dist. Level"",""1.35""],[""Dist. Dur."",""0.02""]]",-1,-1,1.05,-1,1,1.0353,1.05,0,0,1,6.02,"[1, 1.02, 6.02]","[0.30000000000000004, 0, 0]","[""false"", ""false"", ""false""]"
,,16,PLQ S5.2.5.4,Droop,PPOC_VPOC_VREF,-1,-1,1.0353,1.05,-1,0,0,1.3,0.2,5,plq_id16_cuo__vref101_vpoc105_Pwind0_Pbess0_Q-1pu__Dist130_200ms_post5,S5254_VProfile_081,S5254_VProfile_081 :plq_id16_cuo__vref101_vpoc105_Pwind0_Pbess0_Q-1pu__Dist130_200ms_post5,CSR_S5254,1.05,,"[[""Filename/Int. Ref."",""S5254_VProfile_081""],[""Fault Level [MVA]"",""-1""],[""X2R"",""-1""],[""Vpoc [.pu]"",""1.0500""],[""Qpoc [.pu]"",""-1""],[""Pwind [MW]"",""0""],[""Pbess [MW]"",""0""],[""t=0"",""steady-state""],[""Dist. Level"",""1.3""],[""Dist. Dur."",""0.2""]]",-1,-1,1.05,-1,1,1.0353,1.05,0,0,1,6.2,"[1, 1.2, 6.2]","[0.25, 0, 0]","[""false"", ""false"", ""false""]"
,,16,PLQ S5.2.5.4,Droop,PPOC_VPOC_VREF,-1,-1,1.0353,1.05,-1,0,0,1.25,2.0,5,plq_id16_cuo__vref101_vpoc105_Pwind0_Pbess0_Q-1pu__Dist125_2000ms_post5,S5254_VProfile_082,S5254_VProfile_082 :plq_id16_cuo__vref101_vpoc105_Pwind0_Pbess0_Q-1pu__Dist125_2000ms_post5,CSR_S5254,1.05,,"[[""Filename/Int. Ref."",""S5254_VProfile_082""],[""Fault Level [MVA]"",""-1""],[""X2R"",""-1""],[""Vpoc [.pu]"",""1.0500""],[""Qpoc [.pu]"",""-1""],[""Pwind [MW]"",""0""],[""Pbess [MW]"",""0""],[""t=0"",""steady-state""],[""Dist. Level"",""1.25""],[""Dist. Dur."",""2.0""]]",-1,-1,1.05,-1,1,1.0353,1.05,0,0,1,8.0,"[1, 3.0, 8.0]","[0.19999999999999996, 0, 0]","[""false"", ""false"", ""false""]"
,,16,PLQ S5.2.5.4,Droop,PPOC_VPOC_VREF,-1,-1,1.0353,1.05,-1,0,0,1.2,20.0,5,plq_id16_cuo__vref101_vpoc105_Pwind0_Pbess0_Q-1pu__Dist120_20000ms_post5,S5254_VProfile_083,S5254_VProfile_083 :plq_id16_cuo__vref101_vpoc105_Pwind0_Pbess0_Q-1pu__Dist120_20000ms_post5,CSR_S5254,1.05,,"[[""Filename/Int. Ref."",""S5254_VProfile_083""],[""Fault Level [MVA]"",""-1""],[""X2R"",""-1""],[""Vpoc [.pu]"",""1.0500""],[""Qpoc [.pu]"",""-1""],[""Pwind [MW]"",""0""],[""Pbess [MW]"",""0""],[""t=0"",""steady-state""],[""Dist. Level"",""1.2""],[""Dist. Dur."",""20.0""]]",-1,-1,1.05,-1,1,1.0353,1.05,0,0,1,26.0,"[1, 21.0, 26.0]","[0.1499999999999999, 0, 0]","[""false"", ""false"", ""false""]"
,,16,PLQ S5.2.5.4,Droop,PPOC_VPOC_VREF,-1,-1,1.0353,1.05,-1,0,0,1.15,40.0,5,plq_id16_cuo__vref101_vpoc105_Pwind0_Pbess0_Q-1pu__Dist115_40000ms_post5,S5254_VProfile_084,S5254_VProfile_084 :plq_id16_cuo__vref101_vpoc105_Pwind0_Pbess0_Q-1pu__Dist115_40000ms_post5,CSR_S5254,1.05,,"[[""Filename/Int. Ref."",""S5254_VProfile_084""],[""Fault Level [MVA]"",""-1""],[""X2R"",""-1""],[""Vpoc [.pu]"",""1.0500""],[""Qpoc [.pu]"",""-1""],[""Pwind [MW]"",""0""],[""Pbess [MW]"",""0""],[""t=0"",""steady-state""],[""Dist. Level"",""1.15""],[""Dist. Dur."",""40.0""]]",-1,-1,1.05,-1,1,1.0353,1.05,0,0,1,46.0,"[1, 41.0, 46.0]","[0.09999999999999987, 0, 0]","[""false"", ""false"", ""false""]"
,,16,PLQ S5.2.5.4,Droop,PPOC_VPOC_VREF,-1,-1,1.0353,1.05,-1,0,0,0.9,40.0,0,plq_id16_cuo__vref101_vpoc105_Pwind0_Pbess0_Q-1pu__Dist90_40000ms_post0,S5254_VProfile_085,S5254_VProfile_085 :plq_id16_cuo__vref101_vpoc105_Pwind0_Pbess0_Q-1pu__Dist90_40000ms_post0,CSR_S5254,1.05,,"[[""Filename/Int. Ref."",""S5254_VProfile_085""],[""Fault Level [MVA]"",""-1""],[""X2R"",""-1""],[""Vpoc [.pu]"",""1.0500""],[""Qpoc [.pu]"",""-1""],[""Pwind [MW]"",""0""],[""Pbess [MW]"",""0""],[""t=0"",""steady-state""],[""Dist. Level"",""0.9""],[""Dist. Dur."",""40.0""]]",-1,-1,1.05,-1,1,1.0353,1.05,0,0,1,41.0,"[1, 41.0, 41.0]","[-0.15000000000000002, 0, 0]","[""false"", ""false"", ""false""]"
,,16,PLQ S5.2.5.4,Droop,PPOC_VPOC_VREF,-1,-1,1.0353,1.05,-1,0,0,0.8,10.0,5,plq_id16_cuo__vref101_vpoc105_Pwind0_Pbess0_Q-1pu__Dist80_10000ms_post5,S5254_VProfile_086,S5254_VProfile_086 :plq_id16_cuo__vref101_vpoc105_Pwind0_Pbess0_Q-1pu__Dist80_10000ms_post5,CSR_S5254,1.05,,"[[""Filename/Int. Ref."",""S5254_VProfile_086""],[""Fault Level [MVA]"",""-1""],[""X2R"",""-1""],[""Vpoc [.pu]"",""1.0500""],[""Qpoc [.pu]"",""-1""],[""Pwind [MW]"",""0""],[""Pbess [MW]"",""0""],[""t=0"",""steady-state""],[""Dist. Level"",""0.8""],[""Dist. Dur."",""10.0""]]",-1,-1,1.05,-1,1,1.0353,1.05,0,0,1,16.0,"[1, 11.0, 16.0]","[-0.25, 0, 0]","[""false"", ""false"", ""false""]"
,,16,PLQ S5.2.5.4,Droop,PPOC_VPOC_VREF,-1,-1,1.0353,1.05,-1,0,0,0.7,2.0,5,plq_id16_cuo__vref101_vpoc105_Pwind0_Pbess0_Q-1pu__Dist70_2000ms_post5,S5254_VProfile_087,S5254_VProfile_087 :plq_id16_cuo__vref101_vpoc105_Pwind0_Pbess0_Q-1pu__Dist70_2000ms_post5,CSR_S5254,1.05,,"[[""Filename/Int. Ref."",""S5254_VProfile_087""],[""Fault Level [MVA]"",""-1""],[""X2R"",""-1""],[""Vpoc [.pu]"",""1.0500""],[""Qpoc [.pu]"",""-1""],[""Pwind [MW]"",""0""],[""Pbess [MW]"",""0""],[""t=0"",""steady-state""],[""Dist. Level"",""0.7""],[""Dist. Dur."",""2.0""]]",-1,-1,1.05,-1,1,1.0353,1.05,0,0,1,8.0,"[1, 3.0, 8.0]","[-0.3500000000000001, 0, 0]","[""false"", ""false"", ""false""]"
